District,State,Growth,Sex_Ratio,Literacy
Rangareddy,"Andhra Pradesh",0.48,961,75.87
"East Godavari","Andhra Pradesh",0.05,"1,006.00",70.99
Guntur,"Andhra Pradesh",0.09,"1,003.00",67.4
Krishna,"Andhra Pradesh",0.08,992,73.74
Visakhapatnam,"Andhra Pradesh",0.12,"1,006.00",66.91
Chittoor,"Andhra Pradesh",0.11,997,71.53
Anantapur,"Andhra Pradesh",0.12,977,63.57
Kurnool,"Andhra Pradesh",0.15,988,59.97
Mahbubnagar,"Andhra Pradesh",0.15,977,55.04
Hyderabad,"Andhra Pradesh",0.03,954,83.25
"West Godavari","Andhra Pradesh",0.04,"1,004.00",74.63
Karimnagar,"Andhra Pradesh",0.08,"1,008.00",64.15
Warangal,"Andhra Pradesh",0.08,997,65.11
Nalgonda,"Andhra Pradesh",0.07,983,64.2
Prakasam,"Andhra Pradesh",0.11,981,63.08
Medak,"Andhra Pradesh",0.14,992,61.42
"Sri Potti Sriramulu Nellore","Andhra Pradesh",0.11,985,68.9
YSR,"Andhra Pradesh",0.11,985,67.3
Khammam,"Andhra Pradesh",0.08,"1,011.00",64.81
Adilabad,"Andhra Pradesh",0.1,"1,001.00",61.01
Srikakulam,"Andhra Pradesh",0.07,"1,015.00",61.74
Nizamabad,"Andhra Pradesh",0.09,"1,040.00",61.25
Vizianagaram,"Andhra Pradesh",0.04,"1,019.00",58.89
Nagaon,Assam,0.22,962,72.37
Dhubri,Assam,0.24,953,58.34
Sonitpur,Assam,0.16,956,67.34
Cachar,Assam,0.2,959,79.34
Barpeta,Assam,0.21,953,63.81
Kamrup,Assam,0.16,949,75.55
Tinsukia,Assam,0.15,952,69.66
Dibrugarh,Assam,0.12,961,76.05
"Kamrup Metropolitan",Assam,0.18,936,88.71
Karimganj,Assam,0.22,963,78.22
Sivasagar,Assam,0.09,954,80.41
Jorhat,Assam,0.09,962,82.15
Golaghat,Assam,0.13,964,77.43
Lakhimpur,Assam,0.17,968,77.2
Goalpara,Assam,0.23,964,67.37
Morigaon,Assam,0.23,967,68.03
"Karbi Anglong",Assam,0.18,951,69.25
Baksa,Assam,0.11,974,69.25
Darrang,Assam,0.22,954,63.08
Kokrajhar,Assam,0.05,959,65.22
Udalguri,Assam,0.1,973,65.41
Nalbari,Assam,0.12,949,78.63
Bongaigaon,Assam,0.21,966,69.74
Dhemaji,Assam,0.2,953,72.7
Hailakandi,Assam,0.21,951,74.33
Chirang,Assam,0.11,969,63.55
"Dima Hasao",Assam,0.14,932,77.54
