state,sum(literate_pepole),sum(illiterate_people)
"Andhra Pradesh",56671677,27909100
"Uttar Pradesh",133084739,63694737
Gujarat,45836339,12476267
Maharashtra,92954049,20368930
Mizoram,999927,97279
Rajasthan,47063500,24694078
Kerala,31395554,2010507
"Madhya Pradesh",47069447,20611880
Uttarakhand,5992810,1515789
Haryana,19123489,6227973
Punjab,20201266,6547444
"Jammu and Kashmir",8391150,4150152
"Arunachal Pradesh",761557,445597
Orissa,30486803,11487415
Bihar,63994271,38707092
"Tamil Nadu",57775522,14371508
Karnataka,46146322,15204205
Assam,22484409,8721167
"West Bengal",69475388,21800727
Chhattisgarh,18621154,8556328
"Himachal Pradesh",8883924,1717028
Manipur,2196539,659255
Jharkhand,21132066,10791012
Chandigarh,908215,147235
"Daman and Diu",211827,31420
Tripura,3203603,470314
Nagaland,1569750,408752
Meghalaya,2009086,698963
Puducherry,1071351,176602
Lakshadweep,59218,5255
Delhi,125446,16558
"Andaman And Nicobar Islands",241015,33969
Goa,1293736,164809
