district,state,literate_pepole,illiterate_people
Adilabad,"Andhra Pradesh",1672430,1068809
Agra,"Uttar Pradesh",3162975,1255822
Ahmadabad,Gujarat,6154455,1059770
Ahmadnagar,Maharashtra,3591367,951792
Aizawl,Mizoram,391862,8447
Ajmer,Rajasthan,1790830,792222
Akola,Maharashtra,1597144,216762
Alappuzha,Kerala,2036720,91069
Aligarh,"Uttar Pradesh",2480610,1193279
Alirajpur,"Madhya Pradesh",263169,465830
Allahabad,"Uttar Pradesh",4306216,1648175
Almora,Uttarakhand,500931,121575
Alwar,Rajasthan,2598379,1075800
Ambala,Haryana,922426,205924
"Ambedkar Nagar","Uttar Pradesh",1731995,665893
Amravati,Maharashtra,2523923,364522
Amreli,Gujarat,1124286,389904
Amritsar,Punjab,1899623,591033
Anand,Gujarat,1765649,327096
Anantapur,"Andhra Pradesh",2594386,1486762
Anantnag,"Jammu and Kashmir",676232,402460
Anjaw,"Arunachal Pradesh",11951,9216
Anugul,Orissa,987593,286228
Anuppur,"Madhya Pradesh",508582,240655
Araria,Bihar,1505033,1306536
Ariyalur,"Tamil Nadu",538541,216353
Arwal,Bihar,472578,228265
Ashoknagar,"Madhya Pradesh",561296,283775
Auraiya,"Uttar Pradesh",1089151,290394
Aurangabad,Bihar,1786179,753894
Aurangabad,Maharashtra,2007166,532907
Aurangabad,Bihar,2602742,1098540
Aurangabad,Maharashtra,2924753,776529
Azamgarh,"Uttar Pradesh",3272648,1341265
Badgam,"Jammu and Kashmir",422700,331045
Bagalkot,Karnataka,1300527,589225
Bageshwar,Uttarakhand,207944,51954
Baghpat,"Uttar Pradesh",938325,364723
Bahraich,"Uttar Pradesh",1721544,1766187
Baksa,Assam,657927,292148
Balaghat,"Madhya Pradesh",1311839,389859
Balangir,Orissa,1067231,581766
Baleshwar,Orissa,1851550,468979
Ballia,"Uttar Pradesh",2298296,941478
Balrampur,"Uttar Pradesh",1063804,1084861
Banaskantha,Gujarat,2038315,1082191
Banda,"Uttar Pradesh",1199667,599743
Bandipora,"Jammu and Kashmir",220748,171484
Bangalore,Karnataka,8435214,1186337
"Bangalore Rural",Karnataka,772226,218697
Banka,Bihar,1183622,851141
Bankura,"West Bengal",2527023,1069651
Banswara,Rajasthan,1012523,784962
Barabanki,"Uttar Pradesh",2013482,1247217
Baramula,"Jammu and Kashmir",651496,356543
Baran,Rajasthan,815088,407667
Barddhaman,"West Bengal",5881555,1836008
Bareilly,"Uttar Pradesh",2601845,1846514
Bargarh,Orissa,1105312,375943
Barmer,Rajasthan,1471900,1131851
Barnala,Punjab,403886,191641
Barpeta,Assam,1080700,612922
Barwani,"Madhya Pradesh",680190,705691
Bastar,Chhattisgarh,768780,644419
Basti,"Uttar Pradesh",1656613,807851
Bathinda,Punjab,948085,440440
Baudh,Orissa,315916,125246
Begusarai,Bihar,1897285,1073256
Belgaum,Karnataka,3512095,1267566
Bellary,Karnataka,1653785,798810
Betul,"Madhya Pradesh",1085424,489938
Bhadrak,Orissa,1246946,259391
Bhagalpur,Bihar,1918045,1119721
Bhandara,Maharashtra,1005400,194934
Bharatpur,Rajasthan,1786727,761735
Bharuch,Gujarat,1264236,286783
Bhavnagar,Gujarat,2175252,705113
Bhilwara,Rajasthan,1478111,930412
Bhind,"Madhya Pradesh",1281682,421323
Bhiwani,Haryana,1229266,405179
Bhojpur,Bihar,1922708,805699
Bhopal,"Madhya Pradesh",1905622,465439
Bid,Maharashtra,1990229,594820
Bidar,Karnataka,1200997,502303
Bijapur,Chhattisgarh,104287,150943
Bijapur,Karnataka,171387,83843
Bijapur,Chhattisgarh,889657,1287674
Bijapur,Karnataka,1462078,715253
Bijnor,"Uttar Pradesh",2521922,1160791
Bikaner,Rajasthan,1539632,824305
Bilaspur,Chhattisgarh,270348,111608
Bilaspur,"Himachal Pradesh",323097,58859
Bilaspur,Chhattisgarh,1885317,778312
Bilaspur,"Himachal Pradesh",2253164,410465
Birbhum,"West Bengal",2475499,1026905
Bishnupur,Manipur,180067,57332
Bokaro,Jharkhand,1485084,577246
Bongaigaon,Assam,515242,223562
Budaun,"Uttar Pradesh",1888444,1793452
Bulandshahar,"Uttar Pradesh",2410229,1088942
Buldana,Maharashtra,2156939,429319
Bundi,Rajasthan,683429,427477
Burhanpur,"Madhya Pradesh",487750,270097
Buxar,Bihar,1196835,509517
Cachar,Assam,1377832,358785
Chamarajanagar,Karnataka,627072,393719
Chamba,"Himachal Pradesh",374620,144460
Chamoli,Uttarakhand,323662,67943
Champawat,Uttarakhand,207277,52371
Champhai,Mizoram,120602,5143
Chandauli,"Uttar Pradesh",1395830,556926
Chandel,Manipur,102528,41654
Chandigarh,Chandigarh,908215,147235
Chandrapur,Maharashtra,1763666,440641
Changlang,"Arunachal Pradesh",88639,59587
Chatra,Jharkhand,627609,415277
Chennai,"Tamil Nadu",4190423,456309
Chhindwara,"Madhya Pradesh",1487900,603022
Chikkaballapura,Karnataka,875561,379543
Chikmagalur,Karnataka,901834,236127
Chirang,Assam,306414,175748
Chitradurga,Karnataka,1223185,436271
Chitrakoot,"Uttar Pradesh",645120,346610
Chittaurgarh,Rajasthan,953011,591327
Chittoor,"Andhra Pradesh",2985708,1188356
Churachandpur,Manipur,226936,47207
Churu,Rajasthan,1361398,678149
Coimbatore,"Tamil Nadu",2904066,553979
Cuddalore,"Tamil Nadu",2033655,572259
Cuttack,Orissa,2243922,380548
"Dakshin Dinajpur","West Bengal",1220664,455612
"Dakshina Kannada",Karnataka,1850802,238847
Daman,"Daman and Diu",168366,22807
Damoh,"Madhya Pradesh",881540,382679
Darbhanga,Bihar,2226985,1710400
Darjiling,"West Bengal",1469332,377491
Darrang,Assam,585698,342802
Datia,"Madhya Pradesh",571419,215335
Dausa,Rajasthan,1114013,520396
Davanagere,Karnataka,1473519,471978
Debagarh,Orissa,226796,85724
Dehradun,Uttarakhand,1429465,267229
Deoghar,Jharkhand,967609,524464
Deoria,"Uttar Pradesh",2205703,895243
Dewas,"Madhya Pradesh",1084436,479279
Dhalai,Tripura,324219,54011
Dhamtari,Chhattisgarh,626708,173073
Dhanbad,Jharkhand,2000480,684007
Dhar,"Madhya Pradesh",1289618,896175
Dharmapuri,"Tamil Nadu",1032790,474053
Dharwad,Karnataka,1477618,369405
Dhaulpur,Rajasthan,833461,373055
Dhemaji,Assam,498819,187314
Dhenkanal,Orissa,939458,253353
Dhubri,Assam,1137197,812061
Dhule,Maharashtra,1493028,557834
"Dibang Valley","Arunachal Pradesh",5131,2873
Dibrugarh,Assam,1008678,317657
"Dima Hasao",Assam,166015,48087
Dimapur,Nagaland,321194,57617
Dindigul,"Tamil Nadu",1647044,512731
Dindori,"Madhya Pradesh",450191,254333
Diu,"Daman and Diu",43461,8613
Doda,"Jammu and Kashmir",265147,144789
Dumka,Jharkhand,806344,515098
Dungarpur,Rajasthan,825633,562919
Durg,Chhattisgarh,2643665,700207
"East Garo Hills",Meghalaya,235100,82817
"East Godavari","Andhra Pradesh",3659035,1495261
"East Kameng","Arunachal Pradesh",47230,31460
"East Khasi Hills",Meghalaya,695013,130909
"East Siang","Arunachal Pradesh",71970,27244
Ernakulam,Kerala,3147482,134906
Erode,"Tamil Nadu",1634316,617428
Etah,"Uttar Pradesh",1256509,517971
Etawah,"Uttar Pradesh",1240297,341513
Faizabad,"Uttar Pradesh",1698316,772680
Faridabad,Haryana,1478552,331181
Faridkot,Punjab,429477,188031
Farrukhabad,"Uttar Pradesh",1301545,583659
Fatehabad,Haryana,639814,302197
"Fatehgarh Sahib",Punjab,476229,123934
Fatehpur,"Uttar Pradesh",1775252,857481
Firozabad,"Uttar Pradesh",1796674,701482
Firozpur,Punjab,1398438,630636
Gadag,Karnataka,799705,264865
Gadchiroli,Maharashtra,797840,275102
Gajapati,Orissa,309074,268743
Ganderbal,"Jammu and Kashmir",172638,124808
Gandhinagar,Gujarat,1171299,220454
Ganganagar,Rajasthan,1371329,597839
Ganjam,Orissa,2508788,1020243
Garhwa,Jharkhand,798036,524748
"Gautam Buddha Nagar","Uttar Pradesh",1320470,327645
Gaya,Bihar,2796016,1595402
Ghaziabad,"Uttar Pradesh",3654960,1026685
Ghazipur,"Uttar Pradesh",2598628,1021640
Giridih,Jharkhand,1544072,901402
Goalpara,Assam,679213,328970
Godda,Jharkhand,740843,572708
Golaghat,Assam,826091,240797
Gonda,"Uttar Pradesh",2016054,1417865
Gondiya,Maharashtra,1123470,199037
Gopalganj,Bihar,1677349,884663
Gorakhpur,"Uttar Pradesh",3145486,1295409
Gulbarga,Karnataka,1664262,902064
Gumla,Jharkhand,673873,351340
Guna,"Madhya Pradesh",785012,456507
Guntur,"Andhra Pradesh",3294386,1593427
Gurdaspur,Punjab,1837509,460814
Gurgaon,Haryana,1282724,231708
Gwalior,"Madhya Pradesh",1557556,474480
Hailakandi,Assam,490055,169241
Hamirpur,"Himachal Pradesh",400878,53890
Hamirpur,"Uttar Pradesh",312744,142024
Hamirpur,"Himachal Pradesh",973427,130858
Hamirpur,"Uttar Pradesh",759417,344868
Hanumangarh,Rajasthan,1191351,583341
Haora,"West Bengal",4040559,809470
Harda,"Madhya Pradesh",413587,156878
Hardoi,"Uttar Pradesh",2642750,1450095
Hassan,Karnataka,1351323,425098
Haveri,Karnataka,1236595,361073
Hazaribagh,Jharkhand,1209810,524685
Hingoli,Maharashtra,920331,257014
Hisar,Haryana,1271151,472780
Hoshangabad,"Madhya Pradesh",934612,306738
Hoshiarpur,Punjab,1342126,244499
Hugli,"West Bengal",4514661,1004484
Hyderabad,"Andhra Pradesh",3282816,660507
Idukki,Kerala,1020145,88829
"Imphal East",Manipur,373785,82328
"Imphal West",Manipur,445888,72104
Indore,"Madhya Pradesh",2649865,626832
Jabalpur,"Madhya Pradesh",1996988,466301
Jagatsinghapur,Orissa,984503,152468
"Jaintia Hills",Meghalaya,243554,151570
Jaipur,Rajasthan,5003427,1622751
Jaisalmer,Rajasthan,383328,286591
Jajapur,Orissa,1464129,363063
Jalandhar,Punjab,1809273,384317
Jalaun,"Uttar Pradesh",1246356,443618
Jalgaon,Maharashtra,3307795,922122
Jalna,Maharashtra,1401110,557936
Jalor,Rajasthan,1003241,825489
Jalpaiguri,"West Bengal",2836860,1035986
Jammu,"Jammu and Kashmir",1276750,253208
Jamnagar,Gujarat,1590928,569191
Jamtara,Jharkhand,510934,280108
Jamui,Bihar,1052546,707859
Jashpur,Chhattisgarh,578454,273215
Jaunpur,"Uttar Pradesh",3215603,1278601
Jehanabad,Bihar,751709,373604
Jhabua,"Madhya Pradesh",443846,581202
Jhajjar,Haryana,772954,185451
Jhalawar,Rajasthan,867844,543285
Jhansi,"Uttar Pradesh",1499952,498651
Jharsuguda,Orissa,456998,122507
Jhunjhunun,Rajasthan,1584191,552854
Jind,Haryana,953118,381034
Jodhpur,Rajasthan,2431317,1255848
Jorhat,Assam,897288,194968
Junagadh,Gujarat,2079256,663826
"Jyotiba Phule Nagar","Uttar Pradesh",1174797,665424
Kabirdham,Chhattisgarh,500507,322019
Kachchh,Gujarat,1477005,615366
Kaimur,Bihar,1127735,498649
Kaithal,Haryana,742881,331423
Kalahandi,Orissa,933822,643047
Kamrup,Assam,1146503,371039
"Kamrup Metropolitan",Assam,1112368,141570
Kancheepuram,"Tamil Nadu",3378123,620129
Kandhamal,Orissa,470143,262967
Kangra,"Himachal Pradesh",1293681,216394
Kannauj,"Uttar Pradesh",1204360,452256
Kanniyakumari,"Tamil Nadu",1716068,154306
Kannur,Kerala,2399376,123627
"Kanpur Nagar","Uttar Pradesh",3648980,932288
"Kanshiram Nagar","Uttar Pradesh",876686,560033
Kapurthala,Punjab,644553,170615
Karaikal,Puducherry,174293,25929
Karauli,Rajasthan,965652,492596
"Karbi Anglong",Assam,662247,294066
Kargil,"Jammu and Kashmir",100448,40354
Karimganj,Assam,961078,267608
Karimnagar,"Andhra Pradesh",2422477,1353792
Karnal,Haryana,1124929,380395
Karur,"Tamil Nadu",804757,259736
Kasaragod,Kerala,1177814,129561
Kathua,"Jammu and Kashmir",450552,165883
Katihar,Bihar,1604306,1466723
Katni,"Madhya Pradesh",930012,362030
Kaushambi,"Uttar Pradesh",980232,619364
Kendrapara,Orissa,1226467,213894
Kendujhar,Orissa,1229503,572230
Khagaria,Bihar,965460,701426
Khammam,"Andhra Pradesh",1812975,984395
Kheda,Gujarat,1900855,399030
Kheri,"Uttar Pradesh",2435265,1585978
Khordha,Orissa,1956254,295419
Khunti,Jharkhand,339662,192223
Kinnaur,"Himachal Pradesh",67297,16824
Kiphire,Nagaland,51462,22542
Kishanganj,Bihar,937496,752904
Kishtwar,"Jammu and Kashmir",129651,101045
"Koch Bihar","West Bengal",2108113,710973
Kodagu,Karnataka,458088,96431
Kodarma,Jharkhand,478748,237511
Kohima,Nagaland,228406,39582
Kokrajhar,Assam,578594,308548
Kolar,Karnataka,1142929,393472
Kolasib,Mizoram,78498,5457
Kolhapur,Maharashtra,3159328,716673
Kolkata,"West Bengal",3881097,615597
Kollam,Kerala,2479624,155751
Koppal,Karnataka,946397,443523
Koraput,Orissa,678924,700723
Korba,Chhattisgarh,873245,333395
Kota,Rajasthan,1493696,457318
Kottayam,Kerala,1919461,55090
Kozhikode,Kerala,2934447,151846
Krishna,"Andhra Pradesh",3331129,1186269
Krishnagiri,"Tamil Nadu",1343312,536497
Kulgam,"Jammu and Kashmir",251421,173062
Kullu,"Himachal Pradesh",347695,90208
Kupwara,"Jammu and Kashmir",561465,308889
Kurnool,"Andhra Pradesh",2430862,1622601
Kurukshetra,Haryana,736128,228527
"Kurung Kumey","Arunachal Pradesh",44887,47189
Kushinagar,"Uttar Pradesh",2325865,1238679
Lakhimpur,Assam,804530,237607
Lakhisarai,Bihar,624769,376143
Lakshadweep,Lakshadweep,59218,5255
Lalitpur,"Uttar Pradesh",775955,445637
Latehar,Jharkhand,432625,294353
Latur,Maharashtra,1896112,558084
Lawngtlai,Mizoram,77669,40225
Leh,"Jammu and Kashmir",103052,30435
Lohardaga,Jharkhand,312216,149574
Lohit,"Arunachal Pradesh",99356,46370
Longleng,Nagaland,36434,14050
"Lower Dibang Valley","Arunachal Pradesh",37386,16694
"Lower Subansiri","Arunachal Pradesh",61733,21297
Lucknow,"Uttar Pradesh",3547486,1042352
Ludhiana,Punjab,2875963,622776
Lunglei,Mizoram,143445,17983
Madhepura,Bihar,1045921,955841
Madhubani,Bihar,2630502,1856877
Madurai,"Tamil Nadu",2535421,502831
"Mahamaya Nagar","Uttar Pradesh",1120174,444534
Maharajganj,"Uttar Pradesh",1684920,999783
Mahasamund,Chhattisgarh,733462,299292
Mahbubnagar,"Andhra Pradesh",2230787,1822241
Mahe,Puducherry,40925,891
Mahendragarh,Haryana,716647,205441
Mahesana,Gujarat,1701517,333547
Mahoba,"Uttar Pradesh",571738,304220
Mainpuri,"Uttar Pradesh",1419895,448634
Malappuram,Kerala,3848459,264461
Maldah,"West Bengal",2462314,1526531
Malkangiri,Orissa,297643,315549
Mamit,Mizoram,73349,13015
Mandi,"Himachal Pradesh",815118,184659
Mandla,"Madhya Pradesh",705415,349490
Mandsaur,"Madhya Pradesh",962147,378264
Mandya,Karnataka,1271261,534508
Mansa,Punjab,475937,293814
Mathura,"Uttar Pradesh",1792199,754985
Mau,"Uttar Pradesh",1612342,593626
Mayurbhanj,Orissa,1591718,928020
Medak,"Andhra Pradesh",1863045,1170243
Meerut,"Uttar Pradesh",2508383,935306
Mewat,Haryana,589073,500190
Mirzapur,"Uttar Pradesh",1709925,787045
Moga,Punjab,703793,291953
Mokokchung,Nagaland,178313,16309
Mon,Nagaland,142623,107637
Moradabad,"Uttar Pradesh",2709068,2062938
Morena,"Madhya Pradesh",1396428,569542
Morigaon,Assam,651335,306088
Muktsar,Punjab,593538,308358
"Mumbai Suburban",Maharashtra,8412845,944117
Munger,Bihar,963727,404038
Murshidabad,"West Bengal",4730425,2373382
Muzaffarnagar,"Uttar Pradesh",2863995,1279517
Muzaffarpur,Bihar,3045314,1755748
Mysore,Karnataka,2184520,816607
Nabarangapur,Orissa,566885,654061
Nadia,"West Bengal",3874150,1293450
Nagaon,Assam,2043561,780207
Nagapattinam,"Tamil Nadu",1351191,265259
Nagaur,Rajasthan,2077263,1230480
Nagpur,Maharashtra,4113291,540279
Nainital,Uttarakhand,800723,153882
Nalanda,Bihar,1854072,1023581
Nalbari,Assam,606740,164899
Nalgonda,"Andhra Pradesh",2239815,1248994
Namakkal,"Tamil Nadu",1288562,438039
Nanded,Maharashtra,2536095,825197
Nandurbar,Maharashtra,1061172,587123
Narayanpur,Chhattisgarh,67980,71840
Narmada,Gujarat,426844,163453
Narsimhapur,"Madhya Pradesh",826424,265430
Nashik,Maharashtra,5026826,1080361
Navsari,Gujarat,1115329,214343
Nawada,Bihar,1326162,892984
Nayagarh,Orissa,774275,188514
Neemuch,"Madhya Pradesh",584855,241212
"New Delhi",Delhi,125446,16558
Nicobars,"Andaman And Nicobar Islands",28759,8083
Nizamabad,"Andhra Pradesh",1562693,988642
"North Goa",Goa,732690,85318
"North Tripura",Tripura,607204,86743
"North Twenty Four Parganas","West Bengal",8414222,1595559
Nuapada,Orissa,350054,260328
Osmanabad,Maharashtra,1300203,357373
Pakur,Jharkhand,439586,460836
Palakkad,Kerala,2509552,300382
Palamu,Jharkhand,1234339,705530
Pali,Rajasthan,1271242,766331
Palwal,Haryana,722805,319903
Panchkula,Haryana,459587,101706
PanchMahal,Gujarat,1697212,693564
Panipat,Haryana,915409,290028
Panna,"Madhya Pradesh",658603,357917
Parbhani,Maharashtra,1346585,489501
"Paschim Medinipur","West Bengal",4612496,1300961
"Pashchim Champaran",Bihar,2191818,1743224
"Pashchimi Singhbhum",Jharkhand,880821,621517
Patan,Gujarat,971520,372214
Pathanamthitta,Kerala,1156101,41311
Patiala,Punjab,1427072,468614
Patna,Bihar,4126627,1711838
Perambalur,"Tamil Nadu",420074,145149
Peren,Nagaland,74223,20996
Phek,Nagaland,127548,35870
Pilibhit,"Uttar Pradesh",1248460,782547
Pithoragarh,Uttarakhand,397629,85810
Porbandar,Gujarat,443653,141796
Prakasam,"Andhra Pradesh",2143110,1254338
Pratapgarh,Rajasthan,485735,382113
Pratapgarh,"Uttar Pradesh",608275,259573
Pratapgarh,Rajasthan,1796156,1412985
Pratapgarh,"Uttar Pradesh",2249287,959854
Puducherry,Puducherry,811927,138362
Pudukkottai,"Tamil Nadu",1249201,369144
Pulwama,"Jammu and Kashmir",355767,204673
Punch,"Jammu and Kashmir",318240,158595
Pune,Maharashtra,8123435,1305973
"Purba Medinipur","West Bengal",4434430,661445
"Purbi Singhbhum",Jharkhand,1731679,562240
Puri,Orissa,1438315,260415
Purnia,Bihar,1667567,1597052
Puruliya,"West Bengal",1889338,1040777
"Rae Bareli","Uttar Pradesh",2290238,1115321
Raichur,Karnataka,1148800,780012
Raigarh,Chhattisgarh,1094493,399491
Raigarh,Maharashtra,1242098,251886
Raigarh,Chhattisgarh,1929815,704385
Raigarh,Maharashtra,2190074,444126
Raipur,Chhattisgarh,3070662,993210
Raisen,"Madhya Pradesh",971799,359798
Rajgarh,"Madhya Pradesh",946193,599621
Rajkot,Gujarat,3080170,724388
Rajnandgaon,Chhattisgarh,1167606,369527
Rajouri,"Jammu and Kashmir",437934,204481
Rajsamand,Rajasthan,730275,426322
Ramanagara,Karnataka,749401,333235
Ramanathapuram,"Tamil Nadu",1092501,260944
Ramban,"Jammu and Kashmir",153971,129742
Ramgarh,Jharkhand,694707,254736
Rampur,"Uttar Pradesh",1245926,1089893
Ranchi,Jharkhand,2216581,697672
Rangareddy,"Andhra Pradesh",4018637,1278104
Ratlam,"Madhya Pradesh",971695,483374
Ratnagiri,Maharashtra,1327264,287805
Rayagada,Orissa,481633,486278
Reasi,"Jammu and Kashmir",182979,131688
Rewa,"Madhya Pradesh",1693889,671217
Rewari,Haryana,729179,171153
Rohtak,Haryana,851298,209906
Rohtas,Bihar,2171692,788226
Rudraprayag,Uttarakhand,196978,45307
Rupnagar,Punjab,562695,121932
Sabarkantha,Gujarat,1840628,587961
Sagar,"Madhya Pradesh",1818569,559889
Saharanpur,"Uttar Pradesh",2443453,1022929
Saharsa,Bihar,1011152,889509
Sahibganj,Jharkhand,598755,551812
Saiha,Mizoram,50922,5652
Salem,"Tamil Nadu",2537026,945030
Samastipur,Bihar,2636205,1625361
Samba,"Jammu and Kashmir",259615,59283
Sambalpur,Orissa,793526,247573
Sangli,Maharashtra,2299482,522661
Sangrur,Punjab,1125349,529820
"Sant Kabir Nagar","Uttar Pradesh",1144370,570813
"Sant Ravidas Nagar","Uttar Pradesh",1088494,489719
Saran,Bihar,2606648,1345214
Satara,Maharashtra,2489200,514541
Satna,"Madhya Pradesh",1610628,618307
"Sawai Madhopur",Rajasthan,873317,462234
Sehore,"Madhya Pradesh",918719,392613
Senapati,Manipur,304738,174410
Seoni,"Madhya Pradesh",994629,384502
Serchhip,Mizoram,63580,1357
Shahdol,"Madhya Pradesh",710744,355319
"Shahid Bhagat Singh Nagar",Punjab,488501,123809
Shahjahanpur,"Uttar Pradesh",1790093,1216445
Shajapur,"Madhya Pradesh",1045111,467570
Sheikhpura,Bihar,406368,229974
Sheohar,Bihar,352929,303317
Sheopur,"Madhya Pradesh",395039,292822
Shimla,"Himachal Pradesh",680838,133172
Shimoga,Karnataka,1410090,342663
Shivpuri,"Madhya Pradesh",1079644,646406
Shrawasti,"Uttar Pradesh",522255,595106
Shupiyan,"Jammu and Kashmir",161752,104463
Sidhi,"Madhya Pradesh",726147,400886
Sikar,Rajasthan,1925270,752063
Simdega,Jharkhand,407653,191925
Sindhudurg,Maharashtra,726961,122690
Singrauli,"Madhya Pradesh",711795,466478
Sirmaur,"Himachal Pradesh",417526,112329
Sirohi,Rajasthan,572581,463765
Sirsa,Haryana,891349,403840
Sitamarhi,Bihar,1781970,1641604
Sitapur,"Uttar Pradesh",2740616,1743376
Sivaganga,"Tamil Nadu",1069272,269829
Sivasagar,Assam,925559,225491
Siwan,Bihar,2313007,1017457
Solan,"Himachal Pradesh",485612,94708
Solapur,Maharashtra,3325536,992220
Sonbhadra,"Uttar Pradesh",1192597,669962
Sonipat,Haryana,1147241,302760
Sonitpur,Assam,1295696,628414
"South Andaman","Andaman And Nicobar Islands",212256,25886
"South Garo Hills",Meghalaya,102082,40252
"South Goa",Goa,561046,79491
"South Tripura",Tripura,741622,134379
"South Twenty Four Parganas","West Bengal",6326336,1835625
"Sri Potti Sriramulu Nellore","Andhra Pradesh",2041891,921666
Srikakulam,"Andhra Pradesh",1668903,1034211
Srinagar,"Jammu and Kashmir",858483,378346
Subarnapur,Orissa,454098,156085
Sultanpur,"Uttar Pradesh",2630263,1166854
Sundargarh,Orissa,1535327,558110
Supaul,Bihar,1285508,943568
Surat,Gujarat,5201355,879967
Surendranagar,Gujarat,1266796,489472
Surguja,Chhattisgarh,1416168,943718
Tamenglong,Manipur,98526,42125
Tapi,Gujarat,550873,256149
"Tarn Taran",Punjab,759219,360408
Tawang,"Arunachal Pradesh",29486,20491
"Tehri Garhwal",Uttarakhand,472616,146315
Thane,Maharashtra,9349143,1711005
Thanjavur,"Tamil Nadu",1988227,417663
"The Dangs",Gujarat,171584,56707
"The Nilgiris","Tamil Nadu",626556,108838
Theni,"Tamil Nadu",962582,283317
Thiruvallur,"Tamil Nadu",3132726,595378
Thiruvananthapuram,Kerala,3070987,230440
Thiruvarur,"Tamil Nadu",1047580,216697
Thoothukkudi,"Tamil Nadu",1507952,242224
Thoubal,Manipur,314389,107779
Thrissur,Kerala,2967637,153563
Tikamgarh,"Madhya Pradesh",887765,557401
Tinsukia,Assam,925035,402894
Tirap,"Arunachal Pradesh",58440,53535
Tiruchirappalli,"Tamil Nadu",2265762,456528
Tirunelveli,"Tamil Nadu",2538717,538516
Tiruppur,"Tamil Nadu",1950518,528534
Tiruvannamalai,"Tamil Nadu",1829184,635691
Tonk,Rajasthan,875253,546073
Tuensang,Nagaland,143672,52924
Tumkur,Karnataka,2012986,665994
Udaipur,Rajasthan,1896897,1171523
Udalguri,Assam,543994,287674
"Udham Singh Nagar",Uttarakhand,1205347,443555
Udhampur,"Jammu and Kashmir",380109,174876
Udupi,Karnataka,1015356,162005
Ujjain,"Madhya Pradesh",1437297,549567
Ukhrul,Manipur,149682,34316
Umaria,"Madhya Pradesh",424831,219927
Una,"Himachal Pradesh",450971,70202
Unnao,"Uttar Pradesh",2063023,1045344
"Upper Siang","Arunachal Pradesh",21188,14132
"Upper Subansiri","Arunachal Pradesh",53240,30208
"Uttar Dinajpur","West Bengal",1776314,1230820
"Uttara Kannada",Karnataka,1208084,229085
Uttarkashi,Uttarakhand,250238,79848
Vadodara,Gujarat,3287512,878114
Vaishali,Bihar,2327684,1167337
Valsad,Gujarat,1339810,365868
Varanasi,"Uttar Pradesh",2779692,897149
Vellore,"Tamil Nadu",3116393,819938
Vidisha,"Madhya Pradesh",1028945,429930
Viluppuram,"Tamil Nadu",2486238,972635
Virudhunagar,"Tamil Nadu",1556744,385544
Visakhapatnam,"Andhra Pradesh",2870833,1419756
Vizianagaram,"Andhra Pradesh",1380661,963813
Warangal,"Andhra Pradesh",2287038,1225538
Wardha,Maharashtra,1131543,169231
Washim,Maharashtra,996636,200524
Wayanad,Kerala,727749,89671
"West Garo Hills",Meghalaya,434736,208555
"West Godavari","Andhra Pradesh",2938158,998808
"West Kameng","Arunachal Pradesh",56303,27644
"West Khasi Hills",Meghalaya,298601,84860
"West Siang","Arunachal Pradesh",74617,37657
"West Tripura",Tripura,1530558,195181
Wokha,Nagaland,145866,20477
Yadgir,Karnataka,608625,565646
Yamunanagar,Haryana,946958,267247
Yanam,Puducherry,44206,11420
Yavatmal,Maharashtra,2296059,476289
YSR,"Andhra Pradesh",1939902,942567
Zunheboto,Nagaland,120009,20748
