state,avg_literacy_ratio
Kerala,94
Lakshadweep,92
Goa,89
Mizoram,89
Delhi,87
Tripura,87
Puducherry,87
Chandigarh,86
"Daman and Diu",86
"Andaman And Nicobar Islands",84
"Himachal Pradesh",82
Maharashtra,81
Sikkim,80
Uttarakhand,80
"Tamil Nadu",79
Nagaland,78
"Dadra and Nagar Haveli",76
Gujarat,76
Manipur,76
Haryana,75
Punjab,75
"West Bengal",75
Karnataka,74
Meghalaya,73
Assam,72
Orissa,71
"Madhya Pradesh",68
"Uttar Pradesh",68
"Andhra Pradesh",66
Chhattisgarh,66
Jharkhand,65
"Jammu and Kashmir",65
Rajasthan,65
"Arunachal Pradesh",64
Bihar,62
