state,Avg_sex_ratio
Goa,974
Tripura,958
Assam,958
"West Bengal",950
Lakshadweep,946
Nagaland,934
Rajasthan,930
Jharkhand,914
Punjab,897
Bihar,892
Maharashtra,886
"Jammu and Kashmir",883
Haryana,880
Sikkim,874
"Uttar Pradesh",866
Delhi,866
Gujarat,861
"Andaman And Nicobar Islands",858
"Madhya Pradesh",855
Mizoram,840
Chandigarh,818
"Arunachal Pradesh",791
Karnataka,780
"Dadra and Nagar Haveli",774
"Himachal Pradesh",694
Meghalaya,691
Orissa,643
Manipur,637
Chhattisgarh,601
"Andhra Pradesh",556
"Tamil Nadu",492
Uttarakhand,429
"Daman and Diu",268
Puducherry,1
Kerala,1
