district,state,males,females
Adilabad,"Andhra Pradesh",2738500,2739
Agra,"Uttar Pradesh",2365523,2053274
Ahmadabad,Gujarat,3788984,3425241
Ahmadnagar,Maharashtra,2343042,2200117
Aizawl,Mizoram,399909,400
Ajmer,Rajasthan,1323963,1259089
Akola,Maharashtra,932120,881786
Alappuzha,Kerala,2125663,2126
Aligarh,"Uttar Pradesh",1952120,1721769
Alirajpur,"Madhya Pradesh",728271,728
Allahabad,"Uttar Pradesh",3132241,2822150
Almora,Uttarakhand,621884,622
Alwar,Rajasthan,1938881,1735298
Ambala,Haryana,598594,529756
"Ambedkar Nagar","Uttar Pradesh",1212279,1185609
Amravati,Maharashtra,1480495,1407950
Amreli,Gujarat,770973,743217
Amritsar,Punjab,1318505,1172151
Anand,Gujarat,1087140,1005605
Anantapur,"Andhra Pradesh",2064314,2016834
Anantnag,"Jammu and Kashmir",559778,518914
Anjaw,"Arunachal Pradesh",11510,9657
Anugul,Orissa,655595,618226
Anuppur,"Madhya Pradesh",379169,370068
Araria,Bihar,1463597,1347972
Ariyalur,"Tamil Nadu",754140,754
Arwal,Bihar,363508,337335
Ashoknagar,"Madhya Pradesh",443840,401231
Auraiya,"Uttar Pradesh",740099,639446
Aurangabad,Bihar,1318833,1221240
Aurangabad,Maharashtra,1320891,1219182
Aurangabad,Bihar,1921746,1779536
Aurangabad,Maharashtra,1924744,1776538
Azamgarh,"Uttar Pradesh",4609304,4609
Badgam,"Jammu and Kashmir",397965,355780
Bagalkot,Karnataka,950102,939650
Bageshwar,Uttarakhand,259638,260
Baghpat,"Uttar Pradesh",700187,602861
Bahraich,"Uttar Pradesh",1843410,1644321
Baksa,Assam,481294,468781
Balaghat,"Madhya Pradesh",1699998,1700
Balangir,Orissa,829893,819104
Baleshwar,Orissa,1185758,1134771
Ballia,"Uttar Pradesh",1672573,1567201
Balrampur,"Uttar Pradesh",1114453,1034212
Banaskantha,Gujarat,1610168,1510338
Banda,"Uttar Pradesh",965867,833543
Bandipora,"Jammu and Kashmir",207640,184592
Bangalore,Karnataka,5021686,4599865
"Bangalore Rural",Karnataka,509210,481713
Banka,Bihar,1066997,967766
Bankura,"West Bengal",1837851,1758823
Banswara,Rajasthan,907821,889664
Barabanki,"Uttar Pradesh",1707172,1553527
Baramula,"Jammu and Kashmir",534769,473270
Baran,Rajasthan,633880,588875
Barddhaman,"West Bengal",3967899,3749664
Bareilly,"Uttar Pradesh",2357371,2090988
Bargarh,Orissa,749244,732011
Barmer,Rajasthan,1368954,1234797
Barnala,Punjab,317445,278082
Barpeta,Assam,867190,826432
Barwani,"Madhya Pradesh",699234,686647
Bastar,Chhattisgarh,1411787,1412
Basti,"Uttar Pradesh",1255458,1209006
Bathinda,Punjab,743322,645203
Baudh,Orissa,221578,219584
Begusarai,Bihar,1567568,1402973
Belgaum,Karnataka,2422535,2357126
Bellary,Karnataka,1236810,1215785
Betul,"Madhya Pradesh",799270,776092
Bhadrak,Orissa,760392,745945
Bhagalpur,Bihar,1615833,1421933
Bhandara,Maharashtra,605618,594716
Bharatpur,Rajasthan,1355565,1192897
Bharuch,Gujarat,805724,745295
Bhavnagar,Gujarat,1490101,1390264
Bhilwara,Rajasthan,1220742,1187781
Bhind,"Madhya Pradesh",927058,775947
Bhiwani,Haryana,866620,767825
Bhojpur,Bihar,1430733,1297674
Bhopal,"Madhya Pradesh",1236215,1134846
Bid,Maharashtra,1349191,1235858
Bidar,Karnataka,870808,832492
Bijapur,Chhattisgarh,128644,126586
Bijapur,Karnataka,130219,125011
Bijapur,Chhattisgarh,1097445,1079886
Bijapur,Karnataka,1110883,1066448
Bijnor,"Uttar Pradesh",1921081,1761632
Bikaner,Rajasthan,1240912,1123025
Bilaspur,Chhattisgarh,193788,188168
Bilaspur,"Himachal Pradesh",192810,189146
Bilaspur,Chhattisgarh,1351410,1312219
Bilaspur,"Himachal Pradesh",1344588,1319041
Birbhum,"West Bengal",1790595,1711809
Bishnupur,Manipur,118759,118640
Bokaro,Jharkhand,1073012,989318
Bongaigaon,Assam,375790,363014
Budaun,"Uttar Pradesh",1967876,1714020
Bulandshahar,"Uttar Pradesh",1845554,1653617
Buldana,Maharashtra,1337259,1248999
Bundi,Rajasthan,577094,533812
Burhanpur,"Madhya Pradesh",388440,369407
Buxar,Bihar,887800,818552
Cachar,Assam,886481,850136
Chamarajanagar,Karnataka,512188,508603
Chamba,"Himachal Pradesh",261370,257710
Chamoli,Uttarakhand,391214,391
Champawat,Uttarakhand,131135,128513
Champhai,Mizoram,63380,62365
Chandauli,"Uttar Pradesh",1018121,934635
Chandel,Manipur,74590,69592
Chandigarh,Chandigarh,580556,474894
Chandrapur,Maharashtra,1124073,1080234
Changlang,"Arunachal Pradesh",76961,71265
Chatra,Jharkhand,533992,508894
Chennai,"Tamil Nadu",2336215,2310517
Chhindwara,"Madhya Pradesh",1064624,1026298
Chikkaballapura,Karnataka,636462,618642
Chikmagalur,Karnataka,1136824,1137
Chirang,Assam,244877,237285
Chitradurga,Karnataka,840657,818799
Chitrakoot,"Uttar Pradesh",527797,463933
Chittaurgarh,Rajasthan,783133,761205
Chittoor,"Andhra Pradesh",2090167,2083897
Churachandpur,Manipur,138807,135336
Churu,Rajasthan,1051313,988234
Coimbatore,"Tamil Nadu",3454590,3455
Cuddalore,"Tamil Nadu",1311482,1294432
Cuttack,Orissa,1352820,1271650
"Dakshin Dinajpur","West Bengal",856992,819284
"Dakshina Kannada",Karnataka,2087561,2088
Daman,"Daman and Diu",124624,66549
Damoh,"Madhya Pradesh",661895,602324
Darbhanga,Bihar,2060379,1877006
Darjiling,"West Bengal",937474,909349
Darrang,Assam,475179,453321
Datia,"Madhya Pradesh",420050,366704
Dausa,Rajasthan,857957,776452
Davanagere,Karnataka,986560,958937
Debagarh,Orissa,158238,154282
Dehradun,Uttarakhand,892058,804636
Deoghar,Jharkhand,775103,716970
Deoria,"Uttar Pradesh",3097848,3098
Dewas,"Madhya Pradesh",805209,758506
Dhalai,Tripura,194563,183667
Dhamtari,Chhattisgarh,798982,799
Dhanbad,Jharkhand,1406227,1278260
Dhar,"Madhya Pradesh",1112929,1072864
Dharmapuri,"Tamil Nadu",774328,732515
Dharwad,Karnataka,937099,909924
Dhaulpur,Rajasthan,653584,552932
Dhemaji,Assam,351323,334810
Dhenkanal,Orissa,612640,580171
Dhubri,Assam,998084,951174
Dhule,Maharashtra,1053886,996976
"Dibang Valley","Arunachal Pradesh",4415,3589
Dibrugarh,Assam,676356,649979
"Dima Hasao",Assam,110819,103283
Dimapur,Nagaland,197400,181411
Dindigul,"Tamil Nadu",1080968,1078807
Dindori,"Madhya Pradesh",703820,704
Diu,"Daman and Diu",52022,52
Doda,"Jammu and Kashmir",213620,196316
Dumka,Jharkhand,668408,653034
Dungarpur,Rajasthan,696365,692187
Durg,Chhattisgarh,1682028,1661844
"East Garo Hills",Meghalaya,161216,156701
"East Godavari","Andhra Pradesh",5149147,5149
"East Kameng","Arunachal Pradesh",78611,79
"East Khasi Hills",Meghalaya,825097,825
"East Siang","Arunachal Pradesh",50108,49106
Ernakulam,Kerala,3279109,3279
Erode,"Tamil Nadu",1129826,1121918
Etah,"Uttar Pradesh",947400,827080
Etawah,"Uttar Pradesh",845888,735922
Faizabad,"Uttar Pradesh",1259427,1211569
Faridabad,Haryana,966222,843511
Faridkot,Punjab,326724,290784
Farrukhabad,"Uttar Pradesh",1005979,879225
Fatehabad,Haryana,495274,446737
"Fatehgarh Sahib",Punjab,320771,279392
Fatehpur,"Uttar Pradesh",1384920,1247813
Firozabad,"Uttar Pradesh",1332350,1165806
Firozpur,Punjab,1071883,957191
Gadag,Karnataka,537119,527451
Gadchiroli,Maharashtra,541343,531599
Gajapati,Orissa,577240,577
Ganderbal,"Jammu and Kashmir",158723,138723
Gandhinagar,Gujarat,723741,668012
Ganganagar,Rajasthan,1043544,925624
Ganjam,Orissa,1779642,1749389
Garhwa,Jharkhand,683609,639175
"Gautam Buddha Nagar","Uttar Pradesh",890392,757723
Gaya,Bihar,2267123,2124295
Ghaziabad,"Uttar Pradesh",2488913,2192732
Ghazipur,"Uttar Pradesh",1854645,1765623
Giridih,Jharkhand,1257960,1187514
Goalpara,Assam,513331,494852
Godda,Jharkhand,677787,635764
Golaghat,Assam,543222,523666
Gonda,"Uttar Pradesh",1787568,1646351
Gondiya,Maharashtra,661584,660923
Gopalganj,Bihar,2559453,2559
Gorakhpur,"Uttar Pradesh",2277382,2163513
Gulbarga,Karnataka,1302043,1264283
Gumla,Jharkhand,514407,510806
Guna,"Madhya Pradesh",649330,592189
Guntur,"Andhra Pradesh",4882930,4883
Gurdaspur,Punjab,1212835,1085488
Gurgaon,Haryana,816846,697586
Gwalior,"Madhya Pradesh",1090148,941888
Hailakandi,Assam,337927,321369
Hamirpur,"Himachal Pradesh",454314,454
Hamirpur,"Uttar Pradesh",244368,210400
Hamirpur,"Himachal Pradesh",1103182,1103
Hamirpur,"Uttar Pradesh",593383,510902
Hanumangarh,Rajasthan,931108,843584
Haora,"West Bengal",2501304,2348725
Harda,"Madhya Pradesh",294814,275651
Hardoi,"Uttar Pradesh",2191031,1901814
Hassan,Karnataka,1774646,1775
Haveri,Karnataka,819317,778351
Hazaribagh,Jharkhand,890855,843640
Hingoli,Maharashtra,606254,571091
Hisar,Haryana,931587,812344
Hoshangabad,"Madhya Pradesh",648563,592787
Hoshiarpur,Punjab,809090,777535
Hugli,"West Bengal",2814454,2704691
Hyderabad,"Andhra Pradesh",2018077,1925246
Idukki,Kerala,1107866,1108
"Imphal East",Manipur,455657,456
"Imphal West",Manipur,517475,517
Indore,"Madhya Pradesh",1699532,1577165
Jabalpur,"Madhya Pradesh",1276977,1186312
Jagatsinghapur,Orissa,577729,559242
"Jaintia Hills",Meghalaya,394729,395
Jaipur,Rajasthan,3469203,3156975
Jaisalmer,Rajasthan,361727,308192
Jajapur,Orissa,926098,901094
Jalandhar,Punjab,1145478,1048112
Jalaun,"Uttar Pradesh",906152,783822
Jalgaon,Maharashtra,2197359,2032558
Jalna,Maharashtra,1011382,947664
Jalor,Rajasthan,936849,891881
Jalpaiguri,"West Bengal",1983024,1889822
Jammu,"Jammu and Kashmir",813807,716151
Jamnagar,Gujarat,1114038,1046081
Jamtara,Jharkhand,404832,386210
Jamui,Bihar,915924,844481
Jashpur,Chhattisgarh,850818,851
Jaunpur,"Uttar Pradesh",4489714,4490
Jehanabad,Bihar,585491,539822
Jhabua,"Madhya Pradesh",515099,509949
Jhajjar,Haryana,514718,443687
Jhalawar,Rajasthan,725143,685986
Jhansi,"Uttar Pradesh",1057462,941141
Jharsuguda,Orissa,296726,282779
Jhunjhunun,Rajasthan,1095921,1041124
Jind,Haryana,713069,621083
Jodhpur,Rajasthan,1924408,1762757
Jorhat,Assam,556705,535551
Junagadh,Gujarat,1404548,1338534
"Jyotiba Phule Nagar","Uttar Pradesh",963466,876755
Kabirdham,Chhattisgarh,412087,410439
Kachchh,Gujarat,1096631,995740
Kaimur,Bihar,847075,779309
Kaithal,Haryana,571135,503169
Kalahandi,Orissa,1575294,1575
Kamrup,Assam,778626,738916
"Kamrup Metropolitan",Assam,647695,606243
Kancheepuram,"Tamil Nadu",2013219,1985033
Kandhamal,Orissa,732378,732
Kangra,"Himachal Pradesh",1508566,1509
Kannauj,"Uttar Pradesh",881648,774968
Kanniyakumari,"Tamil Nadu",1868505,1869
Kannur,Kerala,2520483,2520
"Kanpur Nagar","Uttar Pradesh",2460402,2120866
"Kanshiram Nagar","Uttar Pradesh",764212,672507
Kapurthala,Punjab,426343,388825
Karaikal,Puducherry,200022,200
Karauli,Rajasthan,783583,674665
"Karbi Anglong",Assam,490166,466147
Kargil,"Jammu and Kashmir",77791,63011
Karimganj,Assam,625923,602763
Karimnagar,"Andhra Pradesh",3772497,3772
Karnal,Haryana,797734,707590
Karur,"Tamil Nadu",1063430,1063
Kasaragod,Kerala,1306069,1306
Kathua,"Jammu and Kashmir",326156,290279
Katihar,Bihar,1600328,1470701
Katni,"Madhya Pradesh",661907,630135
Kaushambi,"Uttar Pradesh",838363,761233
Kendrapara,Orissa,1438922,1439
Kendujhar,Orissa,906304,895429
Khagaria,Bihar,883821,783065
Khammam,"Andhra Pradesh",2794575,2795
Kheda,Gujarat,1185508,1114377
Kheri,"Uttar Pradesh",2123148,1898095
Khordha,Orissa,1167275,1084398
Khunti,Jharkhand,266342,265543
Kinnaur,"Himachal Pradesh",46246,37875
Kiphire,Nagaland,37834,36170
Kishanganj,Bihar,866872,823528
Kishtwar,"Jammu and Kashmir",120154,110542
"Koch Bihar","West Bengal",1451641,1367445
Kodagu,Karnataka,553965,554
Kodarma,Jharkhand,367312,348947
Kohima,Nagaland,138998,128990
Kokrajhar,Assam,452855,434287
Kolar,Karnataka,776352,760049
Kolasib,Mizoram,42922,41033
Kolhapur,Maharashtra,1980583,1895418
Kolkata,"West Bengal",2356758,2139936
Kollam,Kerala,2632742,2633
Koppal,Karnataka,699859,690061
Koraput,Orissa,1378269,1378
Korba,Chhattisgarh,612819,593821
Kota,Rajasthan,1020939,930075
Kottayam,Kerala,1972578,1973
Kozhikode,Kerala,3083210,3083
Krishna,"Andhra Pradesh",2267770,2249628
Krishnagiri,"Tamil Nadu",960066,919743
Kulgam,"Jammu and Kashmir",217572,206911
Kullu,"Himachal Pradesh",225491,212412
Kupwara,"Jammu and Kashmir",474307,396047
Kurnool,"Andhra Pradesh",2038965,2014498
Kurukshetra,Haryana,510940,453715
"Kurung Kumey","Arunachal Pradesh",91984,92
Kushinagar,"Uttar Pradesh",1817717,1746827
Lakhimpur,Assam,529541,512596
Lakhisarai,Bihar,526242,474670
Lakshadweep,Lakshadweep,33131,31342
Lalitpur,"Uttar Pradesh",640919,580673
Latehar,Jharkhand,369587,357391
Latur,Maharashtra,1272923,1181273
Lawngtlai,Mizoram,60614,57280
Leh,"Jammu and Kashmir",78986,54501
Lohardaga,Jharkhand,232640,229150
Lohit,"Arunachal Pradesh",76217,69509
Longleng,Nagaland,26501,23983
"Lower Dibang Valley","Arunachal Pradesh",28050,26030
"Lower Subansiri","Arunachal Pradesh",41850,41180
Lucknow,"Uttar Pradesh",2394282,2195556
Ludhiana,Punjab,1867987,1630752
Lunglei,Mizoram,82911,78517
Madhepura,Bihar,1047495,954267
Madhubani,Bihar,2329896,2157483
Madurai,"Tamil Nadu",1526760,1511492
"Mahamaya Nagar","Uttar Pradesh",836295,728413
Maharajganj,"Uttar Pradesh",1381731,1302972
Mahasamund,Chhattisgarh,1031722,1032
Mahbubnagar,"Andhra Pradesh",2050090,2002938
Mahe,Puducherry,41774,42
Mahendragarh,Haryana,486590,435498
Mahesana,Gujarat,1056627,978437
Mahoba,"Uttar Pradesh",466431,409527
Mainpuri,"Uttar Pradesh",993370,875159
Malappuram,Kerala,4108811,4109
Maldah,"West Bengal",2051875,1936970
Malkangiri,Orissa,612579,613
Mamit,Mizoram,44818,41546
Mandi,"Himachal Pradesh",998778,999
Mandla,"Madhya Pradesh",1053851,1054
Mandsaur,"Madhya Pradesh",682838,657573
Mandya,Karnataka,905147,900622
Mansa,Punjab,408790,360961
Mathura,"Uttar Pradesh",1367249,1179935
Mau,"Uttar Pradesh",1114688,1091280
Mayurbhanj,Orissa,2517221,2517
Medak,"Andhra Pradesh",1522735,1510553
Meerut,"Uttar Pradesh",1825922,1617767
Mewat,Haryana,571192,518071
Mirzapur,"Uttar Pradesh",1312123,1184847
Moga,Punjab,526015,469731
Mokokchung,Nagaland,101102,93520
Mon,Nagaland,131785,118475
Moradabad,"Uttar Pradesh",2503676,2268330
Morena,"Madhya Pradesh",1068462,897508
Morigaon,Assam,486743,470680
Muktsar,Punjab,475684,426212
"Mumbai Suburban",Maharashtra,5030625,4326337
Munger,Bihar,729086,638679
Murshidabad,"West Bengal",3628093,3475714
Muzaffarnagar,"Uttar Pradesh",2193495,1950017
Muzaffarpur,Bihar,2526875,2274187
Mysore,Karnataka,1511903,1489224
Nabarangapur,Orissa,1219726,1220
Nadia,"West Bengal",2654135,2513465
Nagaon,Assam,1439229,1384539
Nagapattinam,"Tamil Nadu",1614835,1615
Nagaur,Rajasthan,1696278,1611465
Nagpur,Maharashtra,2385223,2268347
Nainital,Uttarakhand,493591,461014
Nalanda,Bihar,1497218,1380435
Nalbari,Assam,395915,375724
Nalgonda,"Andhra Pradesh",1759359,1729450
Namakkal,"Tamil Nadu",869386,857215
Nanded,Maharashtra,1729950,1631342
Nandurbar,Maharashtra,833314,814981
Narayanpur,Chhattisgarh,70120,69700
Narmada,Gujarat,301018,289279
Narsimhapur,"Madhya Pradesh",568674,523180
Nashik,Maharashtra,3157801,2949386
Navsari,Gujarat,678058,651614
Nawada,Bihar,1144480,1074666
Nayagarh,Orissa,502762,460027
Neemuch,"Madhya Pradesh",422757,403310
"New Delhi",Delhi,77939,64065
Nicobars,"Andaman And Nicobar Islands",20733,16109
Nizamabad,"Andhra Pradesh",2548786,2549
"North Goa",Goa,416713,401295
"North Tripura",Tripura,352795,341152
"North Twenty Four Parganas","West Bengal",5120093,4889688
Nuapada,Orissa,609772,610
Osmanabad,Maharashtra,861526,796050
Pakur,Jharkhand,452701,447721
Palakkad,Kerala,2807127,2807
Palamu,Jharkhand,1006156,933713
Pali,Rajasthan,1025452,1012121
Palwal,Haryana,554632,488076
Panchkula,Haryana,299676,261617
PanchMahal,Gujarat,1226668,1164108
Panipat,Haryana,646694,558743
Panna,"Madhya Pradesh",533606,482914
Parbhani,Maharashtra,943033,893053
"Paschim Medinipur","West Bengal",3007862,2905595
"Pashchim Champaran",Bihar,2061311,1873731
"Pashchimi Singhbhum",Jharkhand,1500837,1501
Patan,Gujarat,694436,649298
Pathanamthitta,Kerala,1196216,1196
Patiala,Punjab,1002478,893208
Patna,Bihar,3077736,2760729
Perambalur,"Tamil Nadu",564658,565
Peren,Nagaland,49723,45496
Phek,Nagaland,83761,79657
Pilibhit,"Uttar Pradesh",1071772,959235
Pithoragarh,Uttarakhand,482956,483
Porbandar,Gujarat,300230,285219
Prakasam,"Andhra Pradesh",1715017,1682431
Pratapgarh,Rajasthan,437644,430204
Pratapgarh,"Uttar Pradesh",434358,433490
Pratapgarh,Rajasthan,1618326,1590815
Pratapgarh,"Uttar Pradesh",1606177,1602964
Puducherry,Puducherry,949340,949
Pudukkottai,"Tamil Nadu",1616728,1617
Pulwama,"Jammu and Kashmir",293117,267323
Punch,"Jammu and Kashmir",251894,224941
Pune,Maharashtra,4923973,4505435
"Purba Medinipur","West Bengal",2629450,2466425
"Purbi Singhbhum",Jharkhand,1176972,1116947
Puri,Orissa,865374,833356
Purnia,Bihar,1699437,1565182
Puruliya,"West Bengal",1497248,1432867
"Rae Bareli","Uttar Pradesh",1752732,1652827
Raichur,Karnataka,1926885,1927
Raigarh,Chhattisgarh,750369,743615
Raigarh,Maharashtra,762626,731358
Raigarh,Chhattisgarh,1323054,1311146
Raigarh,Maharashtra,1344666,1289534
Raipur,Chhattisgarh,2048323,2015549
Raisen,"Madhya Pradesh",700472,631125
Rajgarh,"Madhya Pradesh",790293,755521
Rajkot,Gujarat,1974343,1830215
Rajnandgaon,Chhattisgarh,1535597,1536
Rajouri,"Jammu and Kashmir",345384,297031
Rajsamand,Rajasthan,581205,575392
Ramanagara,Karnataka,547893,534743
Ramanathapuram,"Tamil Nadu",682524,670921
Ramban,"Jammu and Kashmir",149166,134547
Ramgarh,Jharkhand,494244,455199
Rampur,"Uttar Pradesh",1223583,1112236
Ranchi,Jharkhand,1495256,1418997
Rangareddy,"Andhra Pradesh",2701041,2595700
Ratlam,"Madhya Pradesh",738239,716830
Ratnagiri,Maharashtra,1613456,1613
Rayagada,Orissa,966944,967
Reasi,"Jammu and Kashmir",166490,148177
Rewa,"Madhya Pradesh",1224809,1140297
Rewari,Haryana,474358,425974
Rohtak,Haryana,568401,492803
Rohtas,Bihar,1543231,1416687
Rudraprayag,Uttarakhand,242043,242
Rupnagar,Punjab,357508,327119
Sabarkantha,Gujarat,1244154,1184435
Sagar,"Madhya Pradesh",1256449,1122009
Saharanpur,"Uttar Pradesh",1834065,1632317
Saharsa,Bihar,997199,903462
Sahibganj,Jharkhand,589430,561137
Saiha,Mizoram,28587,27987
Salem,"Tamil Nadu",1782014,1700042
Samastipur,Bihar,2230019,2031547
Samba,"Jammu and Kashmir",169087,149811
Sambalpur,Orissa,526872,514227
Sangli,Maharashtra,1435475,1386668
Sangrur,Punjab,878074,777095
"Sant Kabir Nagar","Uttar Pradesh",869768,845415
"Sant Ravidas Nagar","Uttar Pradesh",807270,770943
Saran,Bihar,2022447,1929415
Satara,Maharashtra,1510936,1492805
Satna,"Madhya Pradesh",1157287,1071648
"Sawai Madhopur",Rajasthan,704033,631518
Sehore,"Madhya Pradesh",683698,627634
Senapati,Manipur,247366,231782
Seoni,"Madhya Pradesh",695828,683303
Serchhip,Mizoram,32846,32091
Shahdol,"Madhya Pradesh",540052,526011
"Shahid Bhagat Singh Nagar",Punjab,313362,298948
Shahjahanpur,"Uttar Pradesh",1606057,1400481
Shajapur,"Madhya Pradesh",780537,732144
Sheikhpura,Bihar,329711,306631
Sheohar,Bihar,346670,309576
Sheopur,"Madhya Pradesh",361842,326019
Shimla,"Himachal Pradesh",425070,388940
Shimoga,Karnataka,877254,875499
Shivpuri,"Madhya Pradesh",919579,806471
Shrawasti,"Uttar Pradesh",594025,523336
Shupiyan,"Jammu and Kashmir",136451,129764
Sidhi,"Madhya Pradesh",575898,551135
Sikar,Rajasthan,1375107,1302226
Simdega,Jharkhand,300239,299339
Sindhudurg,Maharashtra,848802,849
Singrauli,"Madhya Pradesh",613684,564589
Sirmaur,"Himachal Pradesh",276254,253601
Sirohi,Rajasthan,534199,502147
Sirsa,Haryana,682756,612433
Sitamarhi,Bihar,1802830,1620744
Sitapur,"Uttar Pradesh",2374996,2108996
Sivaganga,"Tamil Nadu",1337763,1338
Sivasagar,Assam,589074,561976
Siwan,Bihar,1675284,1655180
Solan,"Himachal Pradesh",308681,271639
Solapur,Maharashtra,2227944,2089812
Sonbhadra,"Uttar Pradesh",971094,891465
Sonipat,Haryana,781251,668750
Sonitpur,Assam,983696,940414
"South Andaman","Andaman And Nicobar Islands",127281,110861
"South Garo Hills",Meghalaya,73179,69155
"South Goa",Goa,322526,318011
"South Tripura",Tripura,447624,428377
"South Twenty Four Parganas","West Bengal",4172782,3989179
"Sri Potti Sriramulu Nellore","Andhra Pradesh",1492976,1470581
Srikakulam,"Andhra Pradesh",2700414,2700
Srinagar,"Jammu and Kashmir",650963,585866
Subarnapur,Orissa,311318,298865
Sultanpur,"Uttar Pradesh",1914835,1882282
Sundargarh,Orissa,1061043,1032394
Supaul,Bihar,1155560,1073516
Surat,Gujarat,3403090,2678232
Surendranagar,Gujarat,909983,846285
Surguja,Chhattisgarh,1193067,1166819
Tamenglong,Manipur,72389,68262
Tapi,Gujarat,806216,806
"Tarn Taran",Punjab,589277,530350
Tawang,"Arunachal Pradesh",29158,20819
"Tehri Garhwal",Uttarakhand,618313,618
Thane,Maharashtra,5864341,5195807
Thanjavur,"Tamil Nadu",2403487,2403
"The Dangs",Gujarat,228063,228
"The Nilgiris","Tamil Nadu",734659,735
Theni,"Tamil Nadu",625765,620134
Thiruvallur,"Tamil Nadu",1876248,1851856
Thiruvananthapuram,Kerala,3298129,3298
Thiruvarur,"Tamil Nadu",1263014,1263
Thoothukkudi,"Tamil Nadu",1748428,1748
Thoubal,Manipur,421746,422
Thrissur,Kerala,3118082,3118
Tikamgarh,"Madhya Pradesh",760214,684952
Tinsukia,Assam,680291,647638
Tirap,"Arunachal Pradesh",57600,54375
Tiruchirappalli,"Tamil Nadu",2719570,2720
Tirunelveli,"Tamil Nadu",3074159,3074
Tiruppur,"Tamil Nadu",1246381,1232671
Tiruvannamalai,"Tamil Nadu",1236146,1228729
Tonk,Rajasthan,728138,693188
Tuensang,Nagaland,101916,94680
Tumkur,Karnataka,1350292,1328688
Udaipur,Rajasthan,1567120,1501300
Udalguri,Assam,421525,410143
"Udham Singh Nagar",Uttarakhand,858803,790099
Udhampur,"Jammu and Kashmir",296783,258202
Udupi,Karnataka,1176185,1176
Ujjain,"Madhya Pradesh",1016299,970565
Ukhrul,Manipur,94698,89300
Umaria,"Madhya Pradesh",330645,314113
Una,"Himachal Pradesh",263752,257421
Unnao,"Uttar Pradesh",1629977,1478390
"Upper Siang","Arunachal Pradesh",18698,16622
"Upper Subansiri","Arunachal Pradesh",41766,41682
"Uttar Dinajpur","West Bengal",1550868,1456266
"Uttara Kannada",Karnataka,726210,710959
Uttarkashi,Uttarakhand,168583,161503
Vadodara,Gujarat,2153891,2011735
Vaishali,Bihar,1844338,1650683
Valsad,Gujarat,887450,818228
Varanasi,"Uttar Pradesh",1922029,1754812
Vellore,"Tamil Nadu",3932399,3932
Vidisha,"Madhya Pradesh",769449,689426
Viluppuram,"Tamil Nadu",1740751,1718122
Virudhunagar,"Tamil Nadu",1940348,1940
Visakhapatnam,"Andhra Pradesh",4286303,4286
Vizianagaram,"Andhra Pradesh",2342132,2342
Warangal,"Andhra Pradesh",1758926,1753650
Wardha,Maharashtra,668435,632339
Washim,Maharashtra,620290,576870
Wayanad,Kerala,816603,817
"West Garo Hills",Meghalaya,324239,319052
"West Godavari","Andhra Pradesh",3933033,3933
"West Kameng","Arunachal Pradesh",46150,37797
"West Khasi Hills",Meghalaya,193667,189794
"West Siang","Arunachal Pradesh",58173,54101
"West Tripura",Tripura,879582,846157
Wokha,Nagaland,84524,81819
Yadgir,Karnataka,590383,583888
Yamunanagar,Haryana,646886,567319
Yanam,Puducherry,55570,56
Yavatmal,Maharashtra,1420260,1352088
YSR,"Andhra Pradesh",1452125,1430344
Zunheboto,Nagaland,71233,69524
