state,previous_census,current_census_population
"Andhra Pradesh",76254233,84580777
"Uttar Pradesh",163743783,196779476
Gujarat,49025490,58312606
Maharashtra,96864352,113322979
Mizoram,887530,1097206
Rajasthan,59099299,71757578
Kerala,31848358,33406061
"Madhya Pradesh",56246184,67681327
Uttarakhand,6349171,7508599
Haryana,21134924,25351462
Punjab,23645052,26748710
"Jammu and Kashmir",10138189,12541302
"Arunachal Pradesh",974615,1207154
Orissa,36809371,41974218
Bihar,81992854,102701363
"Tamil Nadu",62376905,72147030
Karnataka,53067261,61350527
Assam,26666850,31205576
"West Bengal",80196779,91276115
Chhattisgarh,22309288,27177482
"Himachal Pradesh",9419106,10600952
Manipur,2290350,2855794
Jharkhand,26098867,31923078
Chandigarh,902094,1055450
"Daman and Diu",157924,243247
Tripura,3196246,3673917
Nagaland,1047512,1978502
Meghalaya,2125101,2708049
Puducherry,975896,1247953
Lakshadweep,60824,64473
Delhi,179752,142004
"Andaman And Nicobar Islands",250762,274984
Goa,1345064,1458545
